dataset_notice,demo_id,licence_number,cml_number,manufacturer_name,manufacturer_address,manufacturing_location,product_name,product_category,product_synonyms,applicable_standard,standard_title,qco_reference,certification_scheme,licence_scope,licence_status,grant_date,renewal_date,validity_date,testing_laboratory,test_report_reference,inspection_status,marking_requirements,suspension_cancellation_details,keywords
⭐ BIS MITRA DEMO DATA — SYNTHETIC / NOT OFFICIAL BIS DATA,CERT-DEMO-001,LIC-DEMO-26001,CML-DEMO-61001,Aarohan Safety Works Pvt. Ltd. (Synthetic),"Plot D-18, Demo Industrial Estate, Pimpri, Pune, Maharashtra - Synthetic Address","Pune, Maharashtra",Industrial Safety Helmets - Model ASW-H7,Personal Protective Equipment,safety helmet; industrial helmet; protective headgear; worker helmet; hard hat,IS DEMO 1001:2026,Industrial Safety Helmets - Performance and Marking,QCO DEMO 001:2026,PCS-DEMO-01 - Product Certification Scheme for Industrial Head Protection,"Manufacture and marking of industrial safety helmets in shell sizes 52-64 cm, including standard and vented variants under Model ASW-H7 family.",Active - Renewed,2026-02-12,2026-08-01,2027-08-11,BIS MITRA Demo Protective Equipment Laboratory - Pune,TRL-DEMO-PPE-26017,Factory inspection completed; satisfactory demo record reviewed on 2026-07-22.,"Manufacturer/trade name, model, size range, production code, year of manufacture, applicable synthetic standard number, and synthetic certification mark.",Not suspended or cancelled.,industrial safety helmet; PPE; head protection; certification; Pune; ASW-H7
⭐ BIS MITRA DEMO DATA — SYNTHETIC / NOT OFFICIAL BIS DATA,CERT-DEMO-002,LIC-DEMO-26002,CML-DEMO-61002,Aarohan Safety Works Pvt. Ltd. (Synthetic),"Plot D-18, Demo Industrial Estate, Pimpri, Pune, Maharashtra - Synthetic Address","Pune, Maharashtra",Industrial Safety Helmets - Model ASW-H9,Personal Protective Equipment,safety helmet; industrial helmet; protective headgear; worker helmet; chin-strap helmet,IS DEMO 1001:2026,Industrial Safety Helmets - Performance and Marking,QCO DEMO 001:2026,PCS-DEMO-01 - Product Certification Scheme for Industrial Head Protection,Manufacture and marking of industrial safety helmets with integral chin-strap assembly in Model ASW-H9 family.,Active,2026-05-10,,2027-05-09,BIS MITRA Demo Protective Equipment Laboratory - Pune,TRL-DEMO-PPE-26043,Initial factory inspection completed; no open observations in demo record.,"Manufacturer/trade name, model, size range, production code, year of manufacture, applicable synthetic standard number, and synthetic certification mark.",Not suspended or cancelled.,industrial safety helmet; chin strap; PPE; certification; Pune; ASW-H9
⭐ BIS MITRA DEMO DATA — SYNTHETIC / NOT OFFICIAL BIS DATA,CERT-DEMO-003,LIC-DEMO-26003,CML-DEMO-61003,BlueRiver Home Appliances (Synthetic),"Unit 4, Demo Appliance Park, Sriperumbudur, Tamil Nadu - Synthetic Address","Chennai, Tamil Nadu",Domestic Induction Cooking Appliance - Model BRH-IC2,Electrical Appliances,induction cooktop; induction stove; induction cooker; electric cooking plate,IS DEMO 1003:2025,Domestic Induction Cooking Appliances - Safety and Performance,QCO DEMO 003:2026,PCS-DEMO-03 - Domestic Cooking Appliance Certification,Single-zone and dual-zone domestic induction cooking appliances rated up to 3.5 kW within the BRH-IC2 family.,Active - Renewed,2025-10-14,2026-09-03,2027-10-13,BIS MITRA Demo Electrical Safety Laboratory - Chennai,TRL-DEMO-ELEC-26088,Surveillance inspection completed; electrical safety and production controls found satisfactory in synthetic record.,"Manufacturer name, model, rated voltage/frequency, rated input, serial or batch identifier, synthetic standard number and synthetic certification mark.",Not suspended or cancelled.,induction cooktop; induction stove; electrical appliance; certification; Chennai; BRH-IC2
⭐ BIS MITRA DEMO DATA — SYNTHETIC / NOT OFFICIAL BIS DATA,CERT-DEMO-004,LIC-DEMO-26004,CML-DEMO-61004,NirmanSet Repair Materials LLP (Synthetic),"Block C-9, Demo Construction Materials Estate, Ahmedabad, Gujarat - Synthetic Address","Ahmedabad, Gujarat",Cementitious Repair Mortar - NSR-M25,Construction Materials,repair mortar; concrete repair mix; patch repair material; cement repair mortar,IS DEMO 1004:2024,Cementitious Repair Mortars - Industrial and Building Concrete Repair,QCO DEMO 004:2025,PCS-DEMO-04 - Construction Repair Material Certification,"Factory-produced cementitious repair mortars for structural and non-structural concrete repair, grade family NSR-M25.",Suspended,2025-03-21,2026-03-20,2027-03-20,BIS MITRA Demo Construction Materials Laboratory - Ahmedabad,TRL-DEMO-CON-26011,Surveillance inspection completed with a major synthetic observation concerning batch water-demand control; corrective action pending.,"Manufacturer name, product grade, batch number, net quantity, manufacture date, storage guidance, applicable synthetic standard number and synthetic certification mark.",Licence suspended on 2026-07-18 for failure to close a major quality-control observation relating to mix consistency and batch traceability. Suspension remains in effect until corrective evidence is accepted.,repair mortar; concrete repair; construction materials; suspended licence; Ahmedabad; NSR-M25
⭐ BIS MITRA DEMO DATA — SYNTHETIC / NOT OFFICIAL BIS DATA,CERT-DEMO-005,LIC-DEMO-26005,CML-DEMO-61005,PrabhaRoad Illumination Systems Ltd. (Synthetic),"Plot 22, Demo Lighting Cluster, Peenya Phase 3, Bengaluru, Karnataka - Synthetic Address","Bengaluru, Karnataka",LED Road Luminaire - PRL-R120,Lighting,LED street light; road luminaire; roadway light; outdoor LED luminaire,IS DEMO 1005:2026,"LED Road Luminaires - Photometric, Electrical and Environmental Performance",QCO DEMO 005:2026,PCS-DEMO-05 - Road Lighting Product Certification,"Outdoor LED road luminaires for municipal and industrial roads in 60 W to 120 W ratings, PRL-R120 family.",Active,2026-04-06,,2027-04-05,BIS MITRA Demo Photometry and Electrical Laboratory - Bengaluru,TRL-DEMO-LGT-26029,Initial inspection completed; photometric consistency and enclosure protection controls recorded as satisfactory.,"Manufacturer name, model, rated wattage, input range, batch/serial identifier, date code, synthetic standard number and synthetic certification mark.",Not suspended or cancelled.,LED road luminaire; street light; lighting; photometry; Bengaluru; PRL-R120
⭐ BIS MITRA DEMO DATA — SYNTHETIC / NOT OFFICIAL BIS DATA,CERT-DEMO-006,LIC-DEMO-26006,CML-DEMO-61006,Sampoorna Kitchenware Industries (Synthetic),"Shed 8, Demo Utensil Works Estate, Morbi Road, Rajkot, Gujarat - Synthetic Address","Rajkot, Gujarat",Stainless Steel Food-Contact Utensils - SKI ProLine Set,Food-Contact Materials,stainless steel utensils; food-contact cookware; steel kitchenware; serving utensils,IS DEMO 1006:2025,Stainless Steel Food-Contact Utensils - Hygiene and Material Requirements,QCO DEMO 006:2025,PCS-DEMO-06 - Food-Contact Utensil Certification,"Stainless steel spoons, ladles, serving bowls and cooking vessels intended for direct food contact, SKI ProLine family.",Expired,2024-01-18,2025-01-18,2026-01-17,BIS MITRA Demo Food-Contact Materials Laboratory - Rajkot,TRL-DEMO-FC-25077,Last recorded surveillance inspection satisfactory; renewal was not completed before validity date in synthetic dataset.,"Manufacturer name or mark, product family, material grade designation, batch or lot reference, applicable synthetic standard number and synthetic certification mark while the licence is valid.",Licence expired on 2026-01-17 after renewal was not completed. Certification marking must not be presented as current after expiry.,stainless steel utensil; food contact; cookware; expired licence; Rajkot; SKI ProLine
⭐ BIS MITRA DEMO DATA — SYNTHETIC / NOT OFFICIAL BIS DATA,CERT-DEMO-007,LIC-DEMO-26007,CML-DEMO-61007,Ujjwal Hearth Devices Pvt. Ltd. (Synthetic),"Survey Block B-4, Demo Gas Appliance Estate, Noida, Uttar Pradesh - Synthetic Address","Noida, Uttar Pradesh",LPG Cabinet Heater - UHD-4K,Gas Appliances,LPG room heater; cabinet gas heater; domestic gas heater; portable LPG heater,IS DEMO 1007:2025,LPG Cabinet Heaters for Indoor Domestic Use - Safety Requirements,QCO DEMO 007:2026,PCS-DEMO-07 - LPG Cabinet Heater Certification,"Indoor domestic LPG cabinet heaters using approved domestic LPG cylinder configurations, UHD-4K family.",Active,2026-01-26,,2027-01-25,BIS MITRA Demo Gas Appliance Safety Laboratory - Noida,TRL-DEMO-GAS-26009,Factory inspection and sample safety testing completed; no critical demo findings.,"Manufacturer name, model, gas category, rated heat input, serial/batch identifier, operating caution, applicable synthetic standard number and synthetic certification mark.",Not suspended or cancelled.,LPG heater; gas appliance; cabinet heater; domestic heater; Noida; UHD-4K
⭐ BIS MITRA DEMO DATA — SYNTHETIC / NOT OFFICIAL BIS DATA,CERT-DEMO-008,LIC-DEMO-26008,CML-DEMO-61008,Kshetra Office Furnishings Co. (Synthetic),"Unit 11, Demo Furniture Industrial Estate, Jeedimetla, Hyderabad, Telangana - Synthetic Address","Hyderabad, Telangana",Modular Office Chair - KOF-M8,Consumer Products / Furniture,office chair; ergonomic work chair; task chair; modular chair,IS DEMO 1008:2024,Modular Office Chairs - Structural Safety and Durability,QCO DEMO 008:2024,PCS-DEMO-08 - Office Furniture Certification,"Modular office chairs with adjustable height and back-rest assemblies, KOF-M8 family, for indoor workplace use.",Active,2026-03-11,,2027-03-10,BIS MITRA Demo Furniture Safety Laboratory - Hyderabad,TRL-DEMO-FUR-26021,Initial inspection completed; structural endurance and caster security records satisfactory.,"Manufacturer name, model, production batch, maximum rated user load, year of manufacture, synthetic standard number and synthetic certification mark.",Not suspended or cancelled.,office chair; task chair; furniture; consumer product; Hyderabad; KOF-M8
⭐ BIS MITRA DEMO DATA — SYNTHETIC / NOT OFFICIAL BIS DATA,CERT-DEMO-009,LIC-DEMO-26009,CML-DEMO-61009,SuryaGrid Mounting Systems Pvt. Ltd. (Synthetic),"Plot 6, Demo Renewable Energy Park, Vatva, Ahmedabad, Gujarat - Synthetic Address","Ahmedabad, Gujarat",Rooftop Solar PV Mounting System - SGM-RF2,Renewable Energy,solar mounting frame; rooftop PV structure; solar panel support; PV mounting system,IS DEMO 1009:2026,Rooftop Solar PV Mounting Systems - Mechanical and Installation Requirements,QCO DEMO 009:2026,PCS-DEMO-09 - Solar PV Mounting System Certification,"Aluminium and galvanized-steel rooftop mounting systems for framed solar PV modules on low-slope roofs, SGM-RF2 family.",Active,2026-06-15,,2027-06-14,BIS MITRA Demo Renewable Structures Laboratory - Ahmedabad,TRL-DEMO-REN-26034,"Initial inspection completed; load path, fastener traceability and coating checks satisfactory.","Manufacturer name, model, material designation, batch identifier, installation orientation guidance, synthetic standard number and synthetic certification mark.",Not suspended or cancelled.,solar mounting; PV structure; rooftop solar; renewable energy; Ahmedabad; SGM-RF2
⭐ BIS MITRA DEMO DATA — SYNTHETIC / NOT OFFICIAL BIS DATA,CERT-DEMO-010,LIC-DEMO-26010,CML-DEMO-61010,HydroSafe Appliances (Synthetic),"Plot 3, Demo Consumer Appliance Park, Mancheswar, Bhubaneswar, Odisha - Synthetic Address","Bhubaneswar, Odisha",Electric Storage Water Heater - HSA-E25,Electrical Appliances,electric geyser; storage water heater; domestic water heater; electric water heating appliance,IS DEMO 1014:2025,Electric Storage Water Heaters - Domestic Safety and Energy Performance,QCO DEMO 012:2026,PCS-DEMO-12 - Electric Storage Water Heater Certification,"Domestic electric storage water heaters with nominal storage capacity 10 L to 25 L, HSA-E25 family.",Active,2026-07-04,,2027-07-03,BIS MITRA Demo Water Heating Appliance Laboratory - Bhubaneswar,TRL-DEMO-WHT-26012,"Initial inspection completed; pressure containment, earth continuity and thermal cut-out test records satisfactory.","Manufacturer name, model, rated voltage, power rating, storage capacity, serial/batch identifier, applicable synthetic standard number and synthetic certification mark.",Not suspended or cancelled.,electric geyser; storage water heater; water heater; electrical appliance; Bhubaneswar; HSA-E25
