dataset_notice,demo_id,complaint_id,complaint_date,consumer_reference,consumer_location,state,product_name,product_category,manufacturer/seller,complaint_type,complaint_description,severity,related_standard,related_qco,related_licence,related_huid,assigned_bis_office,assigned_officer_reference,inspection_required,inspection_date,evidence_available,current_status,resolution,resolution_date,escalation_status,escalation_level,follow_up_date,keywords,synonyms
⭐ BIS MITRA DEMO DATA — SYNTHETIC / NOT OFFICIAL BIS DATA,CMP-DEMO-001,CMP-DEMO-001,2026-09-26,CON-DEMO-001,"Demo Town, Khordha District",Odisha,Industrial Safety Helmet - ASW-H7,Personal Protective Equipment,Aarohan Safety Works Pvt. Ltd. (Synthetic),Suspected substandard product,Helmet shell cracked during a simulated workplace drop and the package carried a synthetic BIS-style mark that did not match the retained product record.,High,IS DEMO 1001:2026,QCO DEMO 001:2026,LIC-DEMO-26001,,BIS MITRA Demo Office - Bhubaneswar,OFF-DEMO-BBS-001,Yes,2026-09-29,Product photographs; purchase invoice; packaging photographs; retained helmet sample,Inspection Scheduled,Pending inspection and sample evaluation.,,Not Escalated,0,2026-10-02,helmet; substandard; BIS mark; inspection; PPE,unsafe helmet; safety helmet complaint; head protection complaint
⭐ BIS MITRA DEMO DATA — SYNTHETIC / NOT OFFICIAL BIS DATA,CMP-DEMO-002,CMP-DEMO-002,2026-09-26,CON-DEMO-002,"Demo City, Pune District",Maharashtra,Domestic Induction Cooking Appliance - BRH-IC2,Electrical Appliances,BlueRiver Home Appliances (Synthetic),Product quality complaint,Consumer reports repeated overheating of the power cord and intermittent shutdown during normal use; product label identifies LIC-DEMO-26003.,High,IS DEMO 1003:2025,QCO DEMO 003:2026,LIC-DEMO-26003,,BIS MITRA Demo Office - Pune,OFF-DEMO-PN-002,Yes,2026-09-30,Invoice; appliance photographs; short video; nameplate image,Assigned,Pending laboratory screening and manufacturer response.,,Not Escalated,0,2026-10-03,induction cooker; overheating; electrical safety; licence,induction stove complaint; electric cooktop complaint; appliance overheating
⭐ BIS MITRA DEMO DATA — SYNTHETIC / NOT OFFICIAL BIS DATA,CMP-DEMO-003,CMP-DEMO-003,2026-09-25,CON-DEMO-003,"Demo Ward 7, Bengaluru District",Karnataka,Flexible Food Pouch - FP-21,Food and Packaging,FreshFold Packaging Works (Synthetic),Packaging/marking issue,Flexible food pouch carries a compliance statement but does not show the expected model and traceability markings in the supplied photograph.,Medium,IS DEMO 1002:2025,QCO DEMO 002:2026,,,BIS MITRA Demo Office - Bengaluru,OFF-DEMO-BL-003,No,,Package photographs; retailer invoice,Under Review,Documentary verification is in progress.,,Not Escalated,0,2026-09-30,food packaging; marking; pouch; traceability,food pouch complaint; packaging label complaint; food-contact packaging issue
⭐ BIS MITRA DEMO DATA — SYNTHETIC / NOT OFFICIAL BIS DATA,CMP-DEMO-004,CMP-DEMO-004,2026-09-24,CON-DEMO-004,"Demo Industrial Area, Ahmedabad District",Gujarat,Cementitious Repair Mortar - NSR-M25,Construction Materials,NirmanSet Repair Materials LLP (Synthetic),Suspected substandard product,Repair mortar from one batch showed early surface failure and inconsistent set time at a construction site; batch photographs and remaining packets are available.,High,IS DEMO 1004:2024,QCO DEMO 004:2025,LIC-DEMO-26004,,BIS MITRA Demo Office - Ahmedabad,OFF-DEMO-AH-004,Yes,2026-09-28,Batch packets; site photographs; invoice; contractor test notes,Investigation,Sample testing and licence-status review underway.,,Escalated,1,2026-10-01,mortar; construction; substandard; batch; licence suspension,repair mortar complaint; construction material complaint; cement repair mix issue
⭐ BIS MITRA DEMO DATA — SYNTHETIC / NOT OFFICIAL BIS DATA,CMP-DEMO-005,CMP-DEMO-005,2026-09-23,CON-DEMO-005,"Demo Market Zone, Chennai District",Tamil Nadu,LED Road Luminaire - PRL-R120,Lighting Products,PrabhaRoad Illumination Systems Ltd. (Synthetic),Certification-related complaint,Buyer requests confirmation that the delivered luminaire model is covered by the displayed licence and linked synthetic QCO record.,Low,IS DEMO 1005:2026,QCO DEMO 005:2026,LIC-DEMO-26005,,BIS MITRA Demo Office - Chennai,OFF-DEMO-CH-005,No,,Nameplate photograph; invoice; licence reference on seller quotation,Resolved,Record review confirmed the submitted model identifier matched the synthetic licence scope in the demo dataset.,2026-09-24,Not Escalated,0,,LED luminaire; licence scope; certification verification,lighting certification complaint; LED licence query; luminaire certification issue
⭐ BIS MITRA DEMO DATA — SYNTHETIC / NOT OFFICIAL BIS DATA,CMP-DEMO-006,CMP-DEMO-006,2026-09-22,CON-DEMO-006,"Demo Retail Zone, Kochi District",Kerala,Stainless Steel Kitchen Utensil Set - SKI ProLine,Food-contact products,Sampoorna Kitchenware Industries (Synthetic),Misuse of BIS Standard Mark,Retail packaging uses a prominent BIS-style conformity claim that appears inconsistent with the displayed model information.,Medium,IS DEMO 1006:2025,QCO DEMO 006:2025,LIC-DEMO-26006,,BIS MITRA Demo Office - Kochi,OFF-DEMO-KO-006,Yes,2026-09-27,Packaging photograph; shop invoice; product photographs,Inspection Scheduled,Pending retail verification and licence-status cross-check.,,Not Escalated,0,2026-09-30,BIS mark; misuse; utensil; packaging; food contact,misuse of BIS mark; certification mark complaint; utensil mark issue
⭐ BIS MITRA DEMO DATA — SYNTHETIC / NOT OFFICIAL BIS DATA,CMP-DEMO-007,CMP-DEMO-007,2026-09-21,CON-DEMO-007,"Demo Apartment Zone, Jaipur District",Rajasthan,LPG Cabinet Heater - UHD-4K,Gas Appliances,Ujjwal Hearth Devices Pvt. Ltd. (Synthetic),Imported product compliance issue,Imported heater shipment was offered for sale without the documentation needed to demonstrate model coverage under the applicable synthetic QCO.,High,IS DEMO 1007:2025,QCO DEMO 007:2026,LIC-DEMO-26007,,BIS MITRA Demo Office - Jaipur,OFF-DEMO-JP-007,Yes,2026-09-29,Import invoice; carton photographs; product nameplate; supplier declaration,Investigation,Importer documentation and product traceability being checked.,,Escalated,2,2026-10-01,LPG heater; importer; QCO; compliance; documentation,gas appliance import complaint; heater compliance complaint; importer QCO issue
⭐ BIS MITRA DEMO DATA — SYNTHETIC / NOT OFFICIAL BIS DATA,CMP-DEMO-008,CMP-DEMO-008,2026-09-20,CON-DEMO-008,"Demo Office District, Gurugram District",Haryana,Modular Office Chair - KOF-M8,Furniture,Kshetra Office Furnishings Co. (Synthetic),Product quality complaint,Office chair seat frame developed looseness after repeated use and the seller supplied a batch code for verification.,Medium,IS DEMO 1008:2024,QCO DEMO 008:2024,LIC-DEMO-26008,,BIS MITRA Demo Office - Gurugram,OFF-DEMO-GG-008,Yes,2026-09-26,Chair photographs; purchase order; batch label,Under Review,Pending technical assessment of supplied batch evidence.,,Not Escalated,0,2026-09-29,office chair; durability; furniture; batch,chair quality complaint; office seating complaint; furniture durability issue
⭐ BIS MITRA DEMO DATA — SYNTHETIC / NOT OFFICIAL BIS DATA,CMP-DEMO-009,CMP-DEMO-009,2026-09-19,CON-DEMO-009,"Demo Solar Cluster, Ahmedabad District",Gujarat,Rooftop Solar PV Mounting System - SGM-RF2,Renewable Energy,SuryaGrid Mounting Systems Pvt. Ltd. (Synthetic),Certification-related complaint,Installer requests confirmation that a replacement clamp assembly remains within the model scope linked to the synthetic standard and QCO.,Low,IS DEMO 1009:2026,QCO DEMO 009:2026,LIC-DEMO-26009,,BIS MITRA Demo Office - Ahmedabad,OFF-DEMO-AH-009,No,,Assembly drawing; model label; installer declaration,Resolved,Model and component references were cross-checked against the synthetic certification scope; no further action in the demo workflow.,2026-09-20,Not Escalated,0,,solar mounting; certification; clamp; component scope,solar certification complaint; PV mounting complaint; component scope query
⭐ BIS MITRA DEMO DATA — SYNTHETIC / NOT OFFICIAL BIS DATA,CMP-DEMO-010,CMP-DEMO-010,2026-09-18,CON-DEMO-010,"Demo Jewellery Market, Bhubaneswar District",Odisha,22K Gold Bracelet - HALL-DEMO-012,Hallmarking / Gold Jewellery,VedaArc Ornaments (Synthetic),Hallmark/HUID complaint,Consumer verification returned a mismatch between the HUID displayed by the seller and the stored synthetic article record.,High,,,,HUID-DM26-Z99FLAG,BIS MITRA Demo Office - Bhubaneswar,OFF-DEMO-BBS-010,Yes,2026-09-25,HUID photograph; invoice; article photograph; verification screenshot,Investigation,AHC and jeweller records are being checked; article remains flagged in the demo dataset.,,Escalated,2,2026-09-28,HUID; hallmark; gold bracelet; mismatch; jeweller,invalid HUID complaint; hallmark verification issue; jewellery HUID mismatch
⭐ BIS MITRA DEMO DATA — SYNTHETIC / NOT OFFICIAL BIS DATA,CMP-DEMO-011,CMP-DEMO-011,2026-09-17,CON-DEMO-011,"Demo Electronics Zone, Hyderabad District",Telangana,Electric Storage Water Heater - HSA-E25,Electrical Appliances,HydroSafe Appliances (Synthetic),Suspected substandard product,Heater casing became unusually hot and the consumer reports repeated tripping; licence reference is visible on the product label.,High,IS DEMO 1014:2025,QCO DEMO 012:2026,LIC-DEMO-26010,,BIS MITRA Demo Office - Hyderabad,OFF-DEMO-HY-011,Yes,2026-09-23,Product photographs; invoice; short video; rating label photograph,Resolved,Demo investigation concluded with replacement recommendation after inspection; synthetic record marked resolved.,2026-09-25,Not Escalated,0,,water heater; overheating; electrical safety; QCO; licence,electric geyser complaint; water heater safety complaint; storage heater issue
⭐ BIS MITRA DEMO DATA — SYNTHETIC / NOT OFFICIAL BIS DATA,CMP-DEMO-012,CMP-DEMO-012,2026-09-16,CON-DEMO-012,"Demo Build Zone, Lucknow District",Uttar Pradesh,uPVC Drainage Pipe - UD-110,Construction Materials,PipeNova Drainage Systems (Synthetic),False/misleading BIS claim,"Seller advertising states compliance with the current synthetic drainage pipe standard, while the displayed catalogue cites the superseded synthetic standard number.",Medium,IS DEMO 1011:2026,QCO DEMO 011:2026,,,BIS MITRA Demo Office - Lucknow,OFF-DEMO-LK-012,No,,Website capture; brochure; product catalogue; seller quotation,Under Review,Current-versus-superseded standard references are being checked in the demo workflow.,,Not Escalated,0,2026-09-29,uPVC pipe; superseded standard; misleading claim; catalogue,drainage pipe complaint; false standard claim; superseded standard complaint
⭐ BIS MITRA DEMO DATA — SYNTHETIC / NOT OFFICIAL BIS DATA,CMP-DEMO-013,CMP-DEMO-013,2026-09-15,CON-DEMO-013,"Demo Market Ward, Jaipur District",Rajasthan,LPG Cabinet Heater - UHD-4K,Gas Appliances,Ujjwal Hearth Devices Pvt. Ltd. (Synthetic),Misuse of BIS Standard Mark,A second retailer location displayed the same heater with a mark and model description different from the synthetic certification record.,Medium,IS DEMO 1007:2025,QCO DEMO 007:2026,LIC-DEMO-26007,,BIS MITRA Demo Office - Jaipur,OFF-DEMO-JP-013,Yes,2026-09-18,Retail photographs; invoice; packaging image,Closed,Demo review logged the mismatch as corrected by seller; no further escalation in the sample workflow.,2026-09-20,Not Escalated,0,,BIS mark; gas heater; misuse; retailer,mark misuse complaint; LPG mark issue; heater certification mark complaint
⭐ BIS MITRA DEMO DATA — SYNTHETIC / NOT OFFICIAL BIS DATA,CMP-DEMO-014,CMP-DEMO-014,2026-09-14,CON-DEMO-014,"Demo Packaging Zone, Bengaluru District",Karnataka,Laminated Snack Pouch - FP-21,Food and Packaging,FreshFold Packaging Works (Synthetic),Product quality complaint,Consumer reports pouch seal failure during storage and provides a retained packet from the affected batch.,Medium,IS DEMO 1002:2025,QCO DEMO 002:2026,,,BIS MITRA Demo Office - Bengaluru,OFF-DEMO-BL-014,Yes,2026-09-20,Retained packet; batch photograph; storage notes,Resolved,Demo workflow recorded a packaging performance failure and closed the sample complaint after document review and replacement by seller.,2026-09-23,Not Escalated,0,,food pouch; seal failure; packaging quality,snack pouch complaint; flexible packaging issue; seal failure complaint
⭐ BIS MITRA DEMO DATA — SYNTHETIC / NOT OFFICIAL BIS DATA,CMP-DEMO-015,CMP-DEMO-015,2026-09-13,CON-DEMO-015,"Demo Furniture Market, Delhi Demo District",Delhi,Modular Office Chair - KOF-M8,Furniture,Kshetra Office Furnishings Co. (Synthetic),Certification-related complaint,Institution buyer asks whether the current chair model remains covered by the manufacturer licence and linked synthetic QCO.,Low,IS DEMO 1008:2024,QCO DEMO 008:2024,LIC-DEMO-26008,,BIS MITRA Demo Office - Delhi Demo District,OFF-DEMO-DL-015,No,,Tender document; model catalogue; licence reference,Closed,Demo database confirms the model is within the synthetic certification record and the query is closed.,2026-09-15,Not Escalated,0,,office chair; licence scope; tender; certification,furniture licence query; chair certification check; office seating compliance
⭐ BIS MITRA DEMO DATA — SYNTHETIC / NOT OFFICIAL BIS DATA,CMP-DEMO-016,CMP-DEMO-016,2026-09-12,CON-DEMO-016,"Demo Renewable Zone, Bhubaneswar District",Odisha,Rooftop Solar PV Mounting System - SGM-RF2,Renewable Energy,SuryaGrid Mounting Systems Pvt. Ltd. (Synthetic),Imported product compliance issue,Imported mounting brackets were offered separately without clear model-to-certificate traceability in the supporting documents.,Medium,IS DEMO 1009:2026,QCO DEMO 009:2026,LIC-DEMO-26009,,BIS MITRA Demo Office - Bhubaneswar,OFF-DEMO-BBS-016,Yes,2026-09-19,Packing list; component photographs; importer declaration,Closed,Importer supplied additional model traceability documents in the synthetic workflow.,2026-09-22,Not Escalated,0,,solar mounting; imported component; traceability; QCO,PV import complaint; solar bracket compliance; renewable product traceability
⭐ BIS MITRA DEMO DATA — SYNTHETIC / NOT OFFICIAL BIS DATA,CMP-DEMO-017,CMP-DEMO-017,2026-09-11,CON-DEMO-017,"Demo Jewellery Market, Ahmedabad District",Gujarat,22K Gold Bracelet - HALL-DEMO-012,Hallmarking / Gold Jewellery,VedaArc Ornaments (Synthetic),Hallmark/HUID complaint,Consumer could not obtain a match for the HUID displayed on the article label and asks for the registered jeweller and AHC details.,High,,,,HUID-DM26-Z99FLAG,BIS MITRA Demo Office - Ahmedabad,OFF-DEMO-AH-017,Yes,2026-09-18,HUID photo; jewellery invoice; article image,Escalated,Pending AHC record review and jeweller clarification.,,Escalated,2,2026-09-27,HUID; hallmark; jeweller; AHC; verification,HUID verification complaint; jewellery authenticity complaint; hallmark lookup
⭐ BIS MITRA DEMO DATA — SYNTHETIC / NOT OFFICIAL BIS DATA,CMP-DEMO-018,CMP-DEMO-018,2026-09-10,CON-DEMO-018,"Demo Appliance Zone, Chennai District",Tamil Nadu,Domestic Induction Cooking Appliance - BRH-IC2,Electrical Appliances,BlueRiver Home Appliances (Synthetic),False/misleading BIS claim,Online product listing shows a compliance statement but omits the model-specific certification reference displayed on the physical appliance.,Medium,IS DEMO 1003:2025,QCO DEMO 003:2026,LIC-DEMO-26003,,BIS MITRA Demo Office - Chennai,OFF-DEMO-CH-018,No,,Product listing capture; appliance nameplate photograph; invoice,New,Complaint not yet assigned for substantive review.,,Not Escalated,0,2026-09-28,induction cooker; online listing; false claim; certification,misleading certification claim; appliance listing complaint; BIS claim complaint
