"dataset_notice","demo_id","case_id","inspection_id","inspection_type","inspection_date","location","state","manufacturer","product","standard_number","qco_reference","licence_number","inspection_office","officer_reference","finding","non_conformity","severity","evidence","units_affected","hazard_status","action_taken","notice_reference","seizure_reference","seal_order_reference","corrective_action","follow_up_date","case_status","closure_date","keywords","synonyms","surveillance_reference","laboratory_reference"
"⭐ BIS MITRA DEMO DATA — SYNTHETIC / NOT OFFICIAL BIS DATA","ENF-DEMO-001","ENF-DEMO-001","INSP-DEMO-001","Market Inspection","2026-09-26","Demo Wholesale Market, Pimpri","Maharashtra","Aarohan Safety Works Pvt. Ltd. (Synthetic)","Industrial Safety Helmet - ASW-H7","IS DEMO 1001:2026","QCO DEMO 001:2026","LIC-DEMO-26001","BIS MITRA Demo Office - Pune","OFF-DEMO-PN-001","Sampled 24 helmets; 4 helmets failed impact absorption at the crown zone in the synthetic test record.","Impact absorption result below the fictional acceptance threshold defined for the helmet model; batch marking also had inconsistent trace code.","High","Sealed sample set SS-DEMO-001; inspection photographs PH-DEMO-001 to PH-DEMO-004; test request TR-DEMO-001.","180 helmets in identified batch","Potential injury hazard if helmet shell fails during an impact.","Product seizure of identified batch; sale hold notice issued; follow-up test ordered.","NOTICE-DEMO-001","SEIZ-DEMO-001","","Manufacturer to quarantine affected batch, replace non-conforming shell lots, and submit traceability reconciliation.","2026-10-03","Pending Corrective Action","","safety helmet; impact failure; seizure; market inspection; non-conformity","helmet inspection; head protection enforcement; failed helmet; seized safety gear","SURV-DEMO-001","LAB-DEMO-006"
"⭐ BIS MITRA DEMO DATA — SYNTHETIC / NOT OFFICIAL BIS DATA","ENF-DEMO-002","ENF-DEMO-002","INSP-DEMO-002","Factory Inspection","2026-09-26","Demo Appliance Park, Sriperumbudur","Tamil Nadu","BlueRiver Home Appliances (Synthetic)","Domestic Induction Cooking Appliance - BRH-IC2","IS DEMO 1003:2025","QCO DEMO 003:2026","LIC-DEMO-26003","BIS MITRA Demo Office - Chennai","OFF-DEMO-CH-002","Routine factory inspection found 2 production lots with dielectric withstand failures at final inspection.","Insulation system did not meet the fictional dielectric withstand criterion for the affected lot.","High","Factory sample FS-DEMO-002; final-test logs FL-DEMO-002; laboratory report TR-DEMO-002.","420 appliances across 2 lots","Electrical shock risk if insulation weakness reaches the consumer.","Production hold on affected lots; statutory-style notice issued; corrective action requested.","NOTICE-DEMO-002","","","Rework insulation process, segregate failed units, update final-test checklist, and provide verification batch.","2026-10-05","Active","","induction appliance; dielectric failure; factory inspection; electrical safety","induction cooker inspection; cooktop electrical non-conformity; insulation failure","SURV-DEMO-002","LAB-DEMO-001"
"⭐ BIS MITRA DEMO DATA — SYNTHETIC / NOT OFFICIAL BIS DATA","ENF-DEMO-003","ENF-DEMO-003","INSP-DEMO-003","Market Inspection","2026-09-26","Demo Retail Cluster, Whitefield","Karnataka","FreshFold Packaging Works (Synthetic)","Flexible Food Pouch - FP-21","IS DEMO 1002:2025","QCO DEMO 002:2026","","BIS MITRA Demo Office - Bengaluru","OFF-DEMO-BL-003","Random retail samples showed migration test failure and incomplete traceability marking.","Synthetic migration result exceeded the fictional limit for the selected simulant; pouch lacked production-batch trace code.","High","Retail samples SM-DEMO-003; lab report TR-DEMO-003; package photographs PH-DEMO-011 to PH-DEMO-014.","1,200 pouches across two supplied cartons","Potential food-contact contamination concern.","Affected stock detained; notice issued to seller; additional samples drawn from distributor inventory.","NOTICE-DEMO-003","SEIZ-DEMO-002","","Withdraw affected cartons, correct material formulation, restore traceability markings, and provide fresh compliance test evidence.","2026-10-02","Under Investigation","","food pouch; migration failure; packaging marking; market inspection","food packaging enforcement; flexible pouch non-conformity; migration complaint","SURV-DEMO-003","LAB-DEMO-003"
"⭐ BIS MITRA DEMO DATA — SYNTHETIC / NOT OFFICIAL BIS DATA","ENF-DEMO-004","ENF-DEMO-004","INSP-DEMO-004","Factory Inspection","2026-09-24","Demo Repair Materials Estate, Pune","Maharashtra","NirmanSet Repair Materials LLP (Synthetic)","Cementitious Repair Mortar - NSR-M25","IS DEMO 1004:2024","QCO DEMO 004:2025","LIC-DEMO-26004","BIS MITRA Demo Office - Pune","OFF-DEMO-PN-004","Compressive-strength samples from one production shift were below the fictional 28-day performance criterion.","Average compressive strength below the required synthetic class value.","Medium","Batch samples BS-DEMO-004; laboratory report TR-DEMO-004; batch production record BPR-DEMO-004.","32 bags from one production shift","Performance risk in repair applications; no immediate acute hazard recorded.","Corrective action notice issued and affected shift batch placed on controlled release.","NOTICE-DEMO-004","","","Adjust mix-control checks, investigate curing deviation, retest retained samples, and submit process correction record.","2026-10-01","Pending Corrective Action","","repair mortar; compressive strength; factory inspection; corrective action","mortar failure; repair material enforcement; strength non-conformity","SURV-DEMO-004","LAB-DEMO-004"
"⭐ BIS MITRA DEMO DATA — SYNTHETIC / NOT OFFICIAL BIS DATA","ENF-DEMO-005","ENF-DEMO-005","INSP-DEMO-005","Market Inspection","2026-09-23","Demo Building Materials Market, Ahmedabad","Gujarat","PipeNova Drainage Systems (Synthetic)","uPVC Drainage Pipe - UD-110","IS DEMO 1011:2026","QCO DEMO 011:2026","","BIS MITRA Demo Office - Ahmedabad","OFF-DEMO-AH-005","Wall-thickness readings varied beyond the fictional dimensional tolerance in 3 of 10 samples.","Dimensional deviation in pipe wall thickness.","Medium","Sample set SM-DEMO-005; measurement sheet MS-DEMO-005; photographs PH-DEMO-021 to PH-DEMO-023.","600 pipe lengths estimated from distributor stock","Long-term service reliability concern; no immediate injury hazard identified.","Notice issued; distributor inventory placed on temporary hold pending independent verification.","NOTICE-DEMO-005","","","Provide extrusion-process calibration record and representative retest samples.","2026-09-30","Active","","uPVC pipe; wall thickness; dimensional non-conformity; market","drainage pipe inspection; pipe thickness failure; polymer pipe enforcement","SURV-DEMO-010","LAB-DEMO-002"
"⭐ BIS MITRA DEMO DATA — SYNTHETIC / NOT OFFICIAL BIS DATA","ENF-DEMO-006","ENF-DEMO-006","INSP-DEMO-006","Factory Inspection","2026-09-22","Demo Gas Appliance Zone, Jaipur","Rajasthan","Ujjwal Hearth Devices Pvt. Ltd. (Synthetic)","LPG Cabinet Heater - UHD-4K","IS DEMO 1007:2025","QCO DEMO 007:2026","LIC-DEMO-26007","BIS MITRA Demo Office - Jaipur","OFF-DEMO-JP-006","Gas leakage detected at the regulator connection during safety testing.","Leak rate exceeded the fictional acceptance criterion during pressure stabilization.","Critical","Factory sample FS-DEMO-006; gas test sheet GTS-DEMO-006; video evidence VID-DEMO-006.","75 heaters from active assembly line","Acute fire and gas exposure hazard identified in the synthetic scenario.","Emergency seal order issued for the affected assembly line; product movement stopped; samples retained.","NOTICE-DEMO-006","SEIZ-DEMO-003","SEAL-DEMO-001","Isolate regulator supplier lot, repair connection process, calibrate leak-testing equipment, and pass reinspection before restart.","2026-09-29","Active","","LPG heater; gas leak; emergency seal; critical hazard","gas appliance enforcement; heater leak; emergency sealing; safety shutdown","SURV-DEMO-006","LAB-DEMO-007"
"⭐ BIS MITRA DEMO DATA — SYNTHETIC / NOT OFFICIAL BIS DATA","ENF-DEMO-007","ENF-DEMO-007","INSP-DEMO-007","Market Inspection","2026-09-20","Demo Municipal Lighting Store, Chennai","Tamil Nadu","PrabhaRoad Illumination Systems Ltd. (Synthetic)","LED Road Luminaire - PRL-R120","IS DEMO 1005:2026","QCO DEMO 005:2026","LIC-DEMO-26005","BIS MITRA Demo Office - Chennai","OFF-DEMO-CH-007","Photometric performance was within the fictional limit, but one sample showed an environmental seal installation defect.","Installation seal defect identified in one sampled unit.","Low","Sample SM-DEMO-007; report TR-DEMO-007; site photographs PH-DEMO-031 to PH-DEMO-033.","18 luminaires from one retail shipment","Environmental ingress may reduce expected service life; no immediate shock hazard recorded.","Corrective action notice issued; distributor instructed to inspect retained stock.","NOTICE-DEMO-007","","","Replace defective seal batch and document supplier corrective action.","2026-09-27","Closed","2026-09-26","LED luminaire; seal defect; corrective action; market inspection","lighting inspection; road light non-conformity; luminaire seal","SURV-DEMO-005","LAB-DEMO-005"
"⭐ BIS MITRA DEMO DATA — SYNTHETIC / NOT OFFICIAL BIS DATA","ENF-DEMO-008","ENF-DEMO-008","INSP-DEMO-008","Factory Inspection","2026-09-18","Demo Furniture Manufacturing Park, Gurugram","Haryana","Kshetra Office Furnishings Co. (Synthetic)","Modular Office Chair - KOF-M8","IS DEMO 1008:2024","QCO DEMO 008:2024","LIC-DEMO-26008","BIS MITRA Demo Office - Gurugram","OFF-DEMO-GR-008","Fatigue cycling revealed premature caster housing loosening after accelerated testing.","Durability result below fictional test-cycle threshold.","Medium","Chair sample FS-DEMO-008; fatigue report TR-DEMO-008; process checklist PC-DEMO-008.","90 chairs in a production run","Stability concern that may cause a chair tip incident.","Production hold on affected caster lot and corrective action notice.","NOTICE-DEMO-008","","","Replace caster component, strengthen incoming inspection, and pass follow-up fatigue test.","2026-09-25","Closed","2026-09-26","office chair; fatigue test; caster failure; corrective action","furniture enforcement; chair durability issue; seating inspection","SURV-DEMO-007","LAB-DEMO-010"
"⭐ BIS MITRA DEMO DATA — SYNTHETIC / NOT OFFICIAL BIS DATA","ENF-DEMO-009","ENF-DEMO-009","INSP-DEMO-009","Market Inspection","2026-09-17","Demo Solar Hardware Market, Ahmedabad","Gujarat","SuryaGrid Mounting Systems Pvt. Ltd. (Synthetic)","Rooftop Solar PV Mounting System - SGM-RF2","IS DEMO 1009:2026","QCO DEMO 009:2026","LIC-DEMO-26009","BIS MITRA Demo Office - Ahmedabad","OFF-DEMO-AH-009","Fastener pull-out test failed on one mounting configuration.","Joint integrity below fictional pull-out resistance requirement.","High","Sample SM-DEMO-009; report TR-DEMO-009; installation photographs PH-DEMO-041 to PH-DEMO-044.","60 mounting kits in distributor stock","Structural detachment risk under wind loading.","Stock detention notice issued and distributor instructed not to dispatch affected configuration.","NOTICE-DEMO-009","SEIZ-DEMO-004","","Replace fastener batch, verify torque controls, and submit load-test evidence.","2026-09-30","Under Investigation","","solar mounting; fastener pull-out; high risk; market inspection","PV mounting enforcement; solar structure failure; fastener non-conformity","SURV-DEMO-008","LAB-DEMO-009"
"⭐ BIS MITRA DEMO DATA — SYNTHETIC / NOT OFFICIAL BIS DATA","ENF-DEMO-010","ENF-DEMO-010","INSP-DEMO-010","Market Inspection","2026-09-16","Demo Kitchenware Bazaar, Kochi","Kerala","Sampoorna Kitchenware Industries (Synthetic)","Stainless Steel Food-Contact Utensils - SKI ProLine Set","IS DEMO 1006:2025","QCO DEMO 006:2025","LIC-DEMO-26006","BIS MITRA Demo Office - Kochi","OFF-DEMO-KO-010","Metal-contact sample showed fictional elemental migration above the permitted value.","Extractable nickel-equivalent migration exceeded the synthetic acceptance criterion.","High","Sample set SM-DEMO-010; chemistry report TR-DEMO-010; package label photograph PH-DEMO-051.","240 utensil sets","Potential food-contact exposure concern.","Affected stock seized pending verification; manufacturer notice issued.","NOTICE-DEMO-010","SEIZ-DEMO-005","","Trace alloy batch, segregate stock, verify material chemistry, and submit replacement test results.","2026-09-28","Closed","2026-09-25","food-contact utensil; migration; seizure; chemistry","kitchenware enforcement; stainless utensil failure; food contact non-conformity","SURV-DEMO-009","LAB-DEMO-003"
"⭐ BIS MITRA DEMO DATA — SYNTHETIC / NOT OFFICIAL BIS DATA","ENF-DEMO-011","ENF-DEMO-011","INSP-DEMO-011","Follow-up Inspection","2026-09-15","Demo Appliance Park, Pune","Maharashtra","HydroSafe Appliances (Synthetic)","Electric Storage Water Heater - HSA-E25","IS DEMO 1014:2025","QCO DEMO 012:2026","LIC-DEMO-26010","BIS MITRA Demo Office - Pune","OFF-DEMO-PN-011","Follow-up verified completion of heating cut-off correction and test-process revision.","Previous thermal cut-off non-conformity corrected; verification sample passed.","Medium","Follow-up sample FS-DEMO-011; verification report TR-DEMO-011; corrective action closure record CAR-DEMO-011.","Previous affected lot of 110 heaters","Previous overheating concern controlled after corrective action.","Follow-up inspection passed; closure recommendation recorded.","NOTICE-DEMO-011","","","Maintain revised cut-off calibration schedule and retain quarterly verification evidence.","","Closed","2026-09-18","water heater; follow-up inspection; thermal cut-off; closed case","geyser enforcement; heater corrective action; electrical follow-up","SURV-DEMO-011","LAB-DEMO-001"
"⭐ BIS MITRA DEMO DATA — SYNTHETIC / NOT OFFICIAL BIS DATA","ENF-DEMO-012","ENF-DEMO-012","INSP-DEMO-012","Market Inspection","2026-09-14","Demo Hardware Market, Lucknow","Uttar Pradesh","Aarohan Safety Works Pvt. Ltd. (Synthetic)","Industrial Safety Helmet - ASW-H9","IS DEMO 1001:2026","QCO DEMO 001:2026","LIC-DEMO-26002","BIS MITRA Demo Office - Lucknow","OFF-DEMO-LK-012","Retention-system test failed on 2 of 6 sampled helmets.","Chin-strap retention force below the fictional threshold.","High","Sample set SM-DEMO-012; test report TR-DEMO-012; inspection photos PH-DEMO-061 to PH-DEMO-063.","90 helmets from one shipment","Potential loss of helmet retention during impact.","Affected shipment seized; notice issued to distributor and manufacturer.","NOTICE-DEMO-012","SEIZ-DEMO-006","","Quarantine shipment, verify retention-system supplier lot, and submit replacement sample set.","2026-10-01","Active","","helmet; retention failure; seizure; high severity","chin strap enforcement; helmet retention; PPE inspection","SURV-DEMO-012","LAB-DEMO-006"
"⭐ BIS MITRA DEMO DATA — SYNTHETIC / NOT OFFICIAL BIS DATA","ENF-DEMO-013","ENF-DEMO-013","INSP-DEMO-013","Factory Inspection","2026-09-12","Demo Polymer Works, Bhubaneswar","Odisha","FreshFold Packaging Works (Synthetic)","Flexible Food Pouch - FP-21","IS DEMO 1002:2025","QCO DEMO 002:2026","","BIS MITRA Demo Office - Bhubaneswar","OFF-DEMO-BB-013","Factory traceability review found adhesive batch records not mapped to finished-goods lots.","Traceability documentation incomplete for one production day.","Low","Batch records BR-DEMO-013; trace matrix TM-DEMO-013; interview note IN-DEMO-013.","Estimated 3 production lots","No direct hazard established; traceability weakness reduces recall effectiveness.","Notice issued and documentary corrective action requested.","NOTICE-DEMO-013","","","Implement lot-linking control and resubmit traceability matrix for verification.","2026-09-26","Closed","2026-09-26","food pouch; traceability; factory inspection; documentation","packaging traceability; batch-record non-conformity; factory enforcement","SURV-DEMO-003","LAB-DEMO-003"
"⭐ BIS MITRA DEMO DATA — SYNTHETIC / NOT OFFICIAL BIS DATA","ENF-DEMO-014","ENF-DEMO-014","INSP-DEMO-014","Follow-up Inspection","2026-09-10","Demo Gas Appliance Zone, Jaipur","Rajasthan","Ujjwal Hearth Devices Pvt. Ltd. (Synthetic)","LPG Cabinet Heater - UHD-4K","IS DEMO 1007:2025","QCO DEMO 007:2026","LIC-DEMO-26007","BIS MITRA Demo Office - Jaipur","OFF-DEMO-JP-014","Follow-up confirmed leak-test recalibration and replacement of affected regulator lot.","Previous leakage finding corrected; verification samples passed all required synthetic gas-safety checks.","Critical","Verification report TR-DEMO-014; calibration certificate CAL-DEMO-014; closure photographs PH-DEMO-071 to PH-DEMO-074.","75 heaters from previously held lot","Previous hazard controlled; no residual leakage found in verification sample.","Seal action lifted after verification; case closed with monitoring note.","NOTICE-DEMO-006","SEIZ-DEMO-003","SEAL-DEMO-001","Continue enhanced leak testing for three production batches.","","Closed","2026-09-12","LPG heater; seal lifted; follow-up; closure","gas appliance reinspection; leak correction; enforcement closure","SURV-DEMO-013","LAB-DEMO-007"
