dataset_notice,demo_id,huid,jewellery_id,article_type,jewellery_description,precious_metal,purity/fineness,net_weight,gross_weight,jeweller_name,jeweller_registration_number,jeweller_location,ahc_name,ahc_registration_number,ahc_location,hallmarking_date,registration_date,verification_status,huid_status,marking_details,testing_details,consumer_verification_notes,keywords,synonyms
⭐ BIS MITRA DEMO DATA — SYNTHETIC / NOT OFFICIAL BIS DATA,HALL-DEMO-001,HUID-DM26-A71KQ9,JWL-DEMO-001,Gold Jewellery,22K gold chain with plain links and synthetic demo hallmark record.,Gold,916 fineness (synthetic demo value),8.42 g,8.68 g,Aarna Goldcraft House (Synthetic),JREG-DEMO-11001,"Jaipur, Rajasthan",Demo Assaying Centre Jaipur (Synthetic),AHC-DEMO-22001,"Jaipur, Rajasthan",2026-08-02,2025-11-14,Verified - synthetic record match,Valid - synthetic demo HUID,"Synthetic demo hallmark symbol, purity/fineness inscription, jeweller code and HUID placement recorded.",Gold alloy sampled; fineness verification recorded by synthetic AHC workflow.,"HUID lookup matches jewellery_id, jeweller, purity and AHC fields in the demo registry.",gold chain; 916; HUID; Jaipur; Aarna Goldcraft; assaying,gold chain; 22K chain; necklace chain; gold jewellery
⭐ BIS MITRA DEMO DATA — SYNTHETIC / NOT OFFICIAL BIS DATA,HALL-DEMO-002,HUID-DM26-B38LM4,JWL-DEMO-002,Gold Jewellery,18K gold ring with plain bezel setting; synthetic demo verification entry.,Gold,750 fineness (synthetic demo value),3.18 g,3.31 g,SonaVerve Retail Jewels (Synthetic),JREG-DEMO-11002,"Kochi, Kerala",Demo Assaying Centre Kochi (Synthetic),AHC-DEMO-22002,"Kochi, Kerala",2026-07-19,2026-01-08,Verified - synthetic record match,Valid - synthetic demo HUID,"Synthetic purity mark, jeweller registration code and HUID placement recorded.",Gold alloy sampled and fineness result recorded as 750 in synthetic test log.,Lookup returns a single matching article and registration chain.,gold ring; 750; 18K; HUID; Kochi; SonaVerve,gold ring; 18K ring; ring; gold jewellery
⭐ BIS MITRA DEMO DATA — SYNTHETIC / NOT OFFICIAL BIS DATA,HALL-DEMO-003,HUID-DM26-C92NP7,JWL-DEMO-003,Gold Jewellery,14K gold pendant with geometric motif; synthetic demo record.,Gold,585 fineness (synthetic demo value),2.74 g,2.83 g,Kalyanika Ornament Studio (Synthetic),JREG-DEMO-11003,"Bengaluru, Karnataka",Demo Assaying Centre Bengaluru (Synthetic),AHC-DEMO-22003,"Bengaluru, Karnataka",2026-06-11,2025-10-03,Verified - synthetic record match,Valid - synthetic demo HUID,"Synthetic purity mark, jeweller code and HUID placement recorded on the article documentation.",Representative metal sample tested for fineness; result logged in synthetic AHC record.,Article description and weight fields match the synthetic HUID registry record.,gold pendant; 585; 14K; HUID; Bengaluru,gold pendant; 14K pendant; pendant; gold jewellery
⭐ BIS MITRA DEMO DATA — SYNTHETIC / NOT OFFICIAL BIS DATA,HALL-DEMO-004,HUID-DM26-D44RS2,JWL-DEMO-004,Silver Jewellery,925 silver bracelet with clasp; synthetic demo verification entry.,Silver,925 fineness (synthetic demo value),12.58 g,12.84 g,RajatRiver Crafts (Synthetic),JREG-DEMO-11004,"Cuttack, Odisha",Demo Assaying Centre Bhubaneswar (Synthetic),AHC-DEMO-22004,"Bhubaneswar, Odisha",2026-08-27,2026-02-12,Verified - synthetic record match,Valid - synthetic demo HUID,"Synthetic silver fineness mark, jeweller code and HUID placement recorded.",Silver alloy sampled; fineness verification result recorded as 925 in synthetic workflow.,Consumer lookup returns the expected jeweller and AHC chain for jewellery_id JWL-DEMO-004.,silver bracelet; 925; HUID; Cuttack; Bhubaneswar,silver bracelet; sterling-style bracelet; silver jewellery
⭐ BIS MITRA DEMO DATA — SYNTHETIC / NOT OFFICIAL BIS DATA,HALL-DEMO-005,HUID-DM26-E65TU8,JWL-DEMO-005,Gold Jewellery,22K gold earrings with screw-back fittings; synthetic demo entry.,Gold,916 fineness (synthetic demo value),5.06 g,5.22 g,Megha Ornament Works (Synthetic),JREG-DEMO-11005,"Surat, Gujarat",Demo Assaying Centre Ahmedabad (Synthetic),AHC-DEMO-22005,"Ahmedabad, Gujarat",2026-05-28,2025-12-21,Verified - synthetic record match,Valid - synthetic demo HUID,Synthetic purity mark and HUID reference linked to article and jeweller records.,Representative alloy testing completed; fineness result logged as 916 in demo record.,HUID and jewellery_id resolve to one synthetic article with consistent weight and purity.,gold earrings; 916; 22K; HUID; Surat; Ahmedabad,gold earrings; 22K earrings; ear studs; gold jewellery
⭐ BIS MITRA DEMO DATA — SYNTHETIC / NOT OFFICIAL BIS DATA,HALL-DEMO-006,HUID-DM26-F17VW3,JWL-DEMO-006,Silver Jewellery,800 silver anklet pair with decorative beads; synthetic demo entry.,Silver,800 fineness (synthetic demo value),21.30 g,21.74 g,MittiAndMetal Crafts (Synthetic),JREG-DEMO-11006,"Lucknow, Uttar Pradesh",Demo Assaying Centre Lucknow (Synthetic),AHC-DEMO-22006,"Lucknow, Uttar Pradesh",2026-04-09,2026-01-19,Verified - synthetic record match,Valid - synthetic demo HUID,"Synthetic silver fineness mark, jeweller registration identifier and HUID reference recorded.",Silver sample tested for fineness in synthetic AHC workflow.,"Lookup matches article type, silver fineness, jeweller and AHC location.",silver anklet; 800; HUID; Lucknow,silver anklet; payal; anklet pair; silver jewellery
⭐ BIS MITRA DEMO DATA — SYNTHETIC / NOT OFFICIAL BIS DATA,HALL-DEMO-007,HUID-DM26-G83XY5,JWL-DEMO-007,Gold Jewellery,18K gold pendant with enamel accent; synthetic demo record.,Gold,750 fineness (synthetic demo value),4.16 g,4.31 g,NavaRang Jewels (Synthetic),JREG-DEMO-11007,"Hyderabad, Telangana",Demo Assaying Centre Hyderabad (Synthetic),AHC-DEMO-22007,"Hyderabad, Telangana",2026-07-03,2025-09-29,Verified - synthetic record match,Valid - synthetic demo HUID,Synthetic gold fineness mark and HUID reference linked to article record.,Gold alloy sampled and synthetic fineness result recorded as 750.,"HUID search returns matching jeweller, article and synthetic AHC record.",gold pendant; 750; HUID; Hyderabad; NavaRang,gold pendant; 18K pendant; enamel pendant; gold jewellery
⭐ BIS MITRA DEMO DATA — SYNTHETIC / NOT OFFICIAL BIS DATA,HALL-DEMO-008,HUID-DM26-H29ZC6,JWL-DEMO-008,Gold Jewellery,22K gold bangle with textured finish; synthetic demo record.,Gold,916 fineness (synthetic demo value),14.68 g,14.91 g,AsterBloom Jewels (Synthetic),JREG-DEMO-11008,"Pune, Maharashtra",Demo Assaying Centre Pune (Synthetic),AHC-DEMO-22008,"Pune, Maharashtra",2026-03-17,2025-08-14,Verified - synthetic record match,Valid - synthetic demo HUID,"Synthetic fineness mark, jeweller registration identifier and HUID recorded.",Representative metal sample tested; 916 fineness result recorded in synthetic log.,Article and purity match the synthetic registry; no duplicate HUID found in demo data.,gold bangle; 916; HUID; Pune; AsterBloom,gold bangle; 22K bangle; bracelet bangle; gold jewellery
⭐ BIS MITRA DEMO DATA — SYNTHETIC / NOT OFFICIAL BIS DATA,HALL-DEMO-009,HUID-DM26-J54ML1,JWL-DEMO-009,Silver Jewellery,925 silver pendant with cord loop; synthetic demo record.,Silver,925 fineness (synthetic demo value),6.12 g,6.26 g,SilverCanopy Studio (Synthetic),JREG-DEMO-11009,"Bengaluru, Karnataka",Demo Assaying Centre Bengaluru (Synthetic),AHC-DEMO-22003,"Bengaluru, Karnataka",2026-02-25,2026-01-11,Verified - synthetic record match,Valid - synthetic demo HUID,Synthetic silver fineness mark and HUID reference recorded against the article.,Silver sample tested for fineness; synthetic result logged as 925.,HUID is unique in this demo registry and resolves to SilverCanopy Studio.,silver pendant; 925; HUID; Bengaluru,silver pendant; 925 pendant; silver jewellery
⭐ BIS MITRA DEMO DATA — SYNTHETIC / NOT OFFICIAL BIS DATA,HALL-DEMO-010,HUID-DM26-K77PQ4,JWL-DEMO-010,Gold Jewellery,14K gold ring with synthetic stone setting; synthetic demo record.,Gold,585 fineness (synthetic demo value),3.06 g,3.18 g,TaraGold Atelier (Synthetic),JREG-DEMO-11010,"Chennai, Tamil Nadu",Demo Assaying Centre Chennai (Synthetic),AHC-DEMO-22009,"Chennai, Tamil Nadu",2026-08-14,2026-03-05,Verified - synthetic record match,Valid - synthetic demo HUID,Synthetic purity mark and HUID recorded in article-level demo documentation.,Gold alloy sample tested; 585 fineness result recorded in synthetic lab log.,"Lookup matches jewellery description, purity and jeweller registration.",gold ring; 585; 14K; HUID; Chennai,gold ring; 14K ring; gold finger ring; gold jewellery
⭐ BIS MITRA DEMO DATA — SYNTHETIC / NOT OFFICIAL BIS DATA,HALL-DEMO-011,HUID-DM26-L18RQ7,JWL-DEMO-011,Silver Jewellery,"925 silver earrings, lightweight pair; synthetic demo record.",Silver,925 fineness (synthetic demo value),4.38 g,4.51 g,RupaLeaf Jewels (Synthetic),JREG-DEMO-11011,"Bhubaneswar, Odisha",Demo Assaying Centre Bhubaneswar (Synthetic),AHC-DEMO-22004,"Bhubaneswar, Odisha",2026-06-29,2025-12-15,Verified - synthetic record match,Valid - synthetic demo HUID,"Synthetic silver fineness mark, jeweller identifier and HUID reference recorded.",Silver sample tested for fineness; synthetic result recorded as 925.,HUID lookup returns one article and the expected AHC.,silver earrings; 925; HUID; Bhubaneswar,silver earrings; silver studs; 925 earrings; silver jewellery
⭐ BIS MITRA DEMO DATA — SYNTHETIC / NOT OFFICIAL BIS DATA,HALL-DEMO-012,HUID-DM26-Z99FLAG,JWL-DEMO-012,Gold Jewellery,22K gold bracelet entry with a deliberate synthetic HUID mismatch for exception testing.,Gold,916 fineness (synthetic demo value),9.72 g,9.96 g,VedaArc Ornaments (Synthetic),JREG-DEMO-11012,"Ahmedabad, Gujarat",Demo Assaying Centre Ahmedabad (Synthetic),AHC-DEMO-22005,"Ahmedabad, Gujarat",2026-08-30,2026-02-27,Flagged - synthetic mismatch detected,Flagged / invalid for demo verification,"Article carries the displayed HUID, but the registry record has an intentional purity/jewellery_id mismatch used for demo exception handling.","Fineness test result is recorded as 916, but the HUID registry linkage fails the synthetic consistency rule.",Do not treat this HUID as verified. The demo registry flags an article-link mismatch; inspection of article records is required.,invalid HUID; flagged HUID; gold bracelet; 916; Ahmedabad; exception,flagged HUID; invalid HUID; HUID mismatch; gold bracelet
