dataset_notice,demo_id,laboratory_name,laboratory_id,registration_number,location,state,contact_reference,laboratory_status,accreditation_status,accreditation_reference,scope_of_testing,product_categories,applicable_standards,test_methods,available_tests,equipment/capabilities,sample_types,sample_submission_requirements,typical_turnaround_days,report_reference_examples,status_date,validity_end_date,keywords,synonyms
⭐ BIS MITRA DEMO DATA — SYNTHETIC / NOT OFFICIAL BIS DATA,LAB-DEMO-001,ApexLab Industrial Testing Centre (Synthetic),LAB-ID-DEMO-001,REG-LAB-DEMO-001,"Demo Industrial Estate, Pune, Maharashtra",Maharashtra,LAB-CONTACT-DEMO-001,Active,Synthetic accreditation reference active,ACC-DEMO-MH-26001,Electrical safety and performance testing for domestic appliances and low-voltage products.,Electrical appliances; heating appliances; cooking appliances; low-voltage consumer products,IS DEMO 1003:2025; IS DEMO 1014:2025,Insulation resistance; dielectric strength; leakage current; earth continuity; temperature rise; energy performance checks,Electrical safety; insulation; dielectric withstand; leakage current; earth continuity; temperature rise; basic performance testing,Programmable AC source; hipot tester; insulation resistance meter; leakage current analyser; thermocouple data logger; power analyser,Finished appliances; production samples; representative electrical subassemblies,"Submit one traceable production sample with model identification, rated input details, wiring diagram and test request form.",5,LAB-RPT-DEMO-001-26041; LAB-RPT-DEMO-001-26058,2026-08-01,2027-07-31,electrical safety; induction appliance; water heater; insulation; leakage current,electrical testing lab; appliance test lab; safety testing laboratory; electrical compliance lab
⭐ BIS MITRA DEMO DATA — SYNTHETIC / NOT OFFICIAL BIS DATA,LAB-DEMO-002,Sahaya Materials Evaluation Lab (Synthetic),LAB-ID-DEMO-002,REG-LAB-DEMO-002,"Demo Materials Park, Ahmedabad, Gujarat",Gujarat,LAB-CONTACT-DEMO-002,Active,Synthetic accreditation reference active,ACC-DEMO-GJ-26002,"Mechanical and material testing for construction materials, repair products and polymeric components.",Construction materials; repair mortars; pipes; polymer components,IS DEMO 1004:2024; IS DEMO 1010:2023; IS DEMO 1011:2026,Compressive strength; flexural strength; adhesion pull-off; density; dimensional verification; hydrostatic pressure checks,Mortar strength; bond strength; density; dimensional checks; pipe pressure testing; water absorption,Compression testing machine; flexural frame; pull-off tester; precision balance; pressure test rig; environmental chamber,Powdered mortar; cured cubes; coated coupons; pipe sections; moulded polymer specimens,"Submit labelled samples with batch code, declared grade and cure/conditioning history where applicable.",7,LAB-RPT-DEMO-002-26022; LAB-RPT-DEMO-002-26037,2026-07-15,2027-07-14,construction materials; mortar; mechanical testing; pipe testing; compressive strength,materials lab; construction test laboratory; mortar testing lab; mechanical testing lab
⭐ BIS MITRA DEMO DATA — SYNTHETIC / NOT OFFICIAL BIS DATA,LAB-DEMO-003,NutriSure Food Contact Analytics Lab (Synthetic),LAB-ID-DEMO-003,REG-LAB-DEMO-003,"Demo Food Innovation Zone, Bengaluru, Karnataka",Karnataka,LAB-CONTACT-DEMO-003,Active,Synthetic accreditation reference active,ACC-DEMO-KA-26003,"Chemical, migration and hygiene-related testing of food-contact packaging and utensils.",Food packaging; polymer films; stainless steel utensils; food-contact articles,IS DEMO 1002:2025; IS DEMO 1006:2025,Overall migration simulation; extractable metals screen; material identity checks; odour/taste screening; surface cleanliness assessment,Food-contact migration; elemental screening; polymer identification; extractables; hygiene-related surface checks,GC screening platform; ICP-OES elemental analyser; FTIR spectrometer; controlled migration cells; incubators,Polymer films; pouches; laminated packs; stainless steel utensils; cut sections,Submit representative article or material coupons with intended food-contact use and declared temperature/time conditions.,8,LAB-RPT-DEMO-003-26014; LAB-RPT-DEMO-003-26031,2026-08-12,2027-08-11,food testing; food contact; migration; polymer packaging; stainless steel,food contact lab; packaging test lab; migration testing laboratory; utensil testing lab
⭐ BIS MITRA DEMO DATA — SYNTHETIC / NOT OFFICIAL BIS DATA,LAB-DEMO-004,BuildMet Mechanical & Fire Materials Lab (Synthetic),LAB-ID-DEMO-004,REG-LAB-DEMO-004,"Demo Construction Hub, Hyderabad, Telangana",Telangana,LAB-CONTACT-DEMO-004,Active,Synthetic accreditation reference active,ACC-DEMO-TS-26004,"Mechanical performance, environmental conditioning and material durability for building products.",Construction materials; cementitious products; protective coatings,IS DEMO 1004:2024; IS DEMO 1008:2024,Compression; flexure; water absorption; abrasion resistance; accelerated conditioning; dimensional stability,Compressive strength; flexural strength; abrasion; water absorption; dimensional stability; conditioning,Universal testing machine; abrasion wheel; humidity chamber; thermal cycling chamber; water absorption rigs,Mortar specimens; cured panels; chair components; coated coupons,"Provide specimens meeting declared geometry, batch identity and curing/conditioning instructions.",6,LAB-RPT-DEMO-004-26027; LAB-RPT-DEMO-004-26044,2026-06-30,2027-06-29,mechanical testing; construction lab; durability; mortar; material performance,building materials lab; mechanical materials lab; durability testing lab
⭐ BIS MITRA DEMO DATA — SYNTHETIC / NOT OFFICIAL BIS DATA,LAB-DEMO-005,LumaVolt Lighting Performance Lab (Synthetic),LAB-ID-DEMO-005,REG-LAB-DEMO-005,"Demo Electronics Park, Chennai, Tamil Nadu",Tamil Nadu,LAB-CONTACT-DEMO-005,Active,Synthetic accreditation reference active,ACC-DEMO-TN-26005,"Photometric, electrical and environmental performance testing of LED road and area luminaires.",Lighting products; LED road luminaires; outdoor luminaires,IS DEMO 1005:2026,Luminous flux; electrical input power; power factor; chromaticity; thermal rise; ingress screening; endurance conditioning,Photometry; electrical input; thermal performance; power factor; environmental conditioning; basic endurance,Goniophotometer; integrating sphere; power analyser; thermal chamber; environmental conditioning enclosure,Complete luminaires; LED modules; drivers paired with declared luminaire,"Submit complete production luminaire with driver, optical assembly, rated input information and installation orientation.",10,LAB-RPT-DEMO-005-26011; LAB-RPT-DEMO-005-26025,2026-08-05,2027-08-04,lighting; LED; photometry; road luminaire; power factor,lighting test lab; LED lab; photometric laboratory; luminaire testing centre
⭐ BIS MITRA DEMO DATA — SYNTHETIC / NOT OFFICIAL BIS DATA,LAB-DEMO-006,Suraksha Head Protection Lab (Synthetic),LAB-ID-DEMO-006,REG-LAB-DEMO-006,"Demo Industrial Testing Campus, Kanpur, Uttar Pradesh",Uttar Pradesh,LAB-CONTACT-DEMO-006,Active,Synthetic accreditation reference active,ACC-DEMO-UP-26006,"Impact, penetration, retention and environmental conditioning of protective headgear.",PPE; industrial helmets; protective headgear,IS DEMO 1001:2026,Impact attenuation; penetration resistance; retention system load; conditioning cycles; visual construction checks,Impact; penetration; retention; low/high temperature conditioning; moisture conditioning,Helmet headforms; impact striker; penetration apparatus; retention load frame; climate conditioning chamber,Complete helmets; suspension assemblies; chin straps,Submit complete helmet units with production identification and declared model configuration.,5,LAB-RPT-DEMO-006-26008; LAB-RPT-DEMO-006-26016,2026-07-20,2027-07-19,PPE testing; helmet testing; impact; penetration; retention,helmet test lab; PPE laboratory; head protection test centre; safety helmet lab
⭐ BIS MITRA DEMO DATA — SYNTHETIC / NOT OFFICIAL BIS DATA,LAB-DEMO-007,AgniSafe Gas Appliance Test House (Synthetic),LAB-ID-DEMO-007,REG-LAB-DEMO-007,"Demo Energy Equipment Cluster, Jaipur, Rajasthan",Rajasthan,LAB-CONTACT-DEMO-007,Active,Synthetic accreditation reference active,ACC-DEMO-RJ-26007,Gas appliance safety and performance testing for LPG heating appliances.,Gas appliances; LPG cabinet heaters,IS DEMO 1007:2025,Gas tightness; combustion performance; flame stability; tip-over response; surface temperature; burner performance,Gas leakage; combustion; flame stability; temperature; safety shut-off; tip-over screening,LPG test manifold; calibrated gas flow meters; flue gas analyser; thermal sensors; tip-over fixture,Complete heaters; burners; valves; control assemblies,"Submit complete appliance with declared gas configuration, installation manual and model identification.",9,LAB-RPT-DEMO-007-26018; LAB-RPT-DEMO-007-26034,2026-08-10,2027-08-09,gas appliance; LPG heater; combustion; leakage; safety testing,gas appliance lab; LPG test lab; heater testing laboratory; combustion test house
⭐ BIS MITRA DEMO DATA — SYNTHETIC / NOT OFFICIAL BIS DATA,LAB-DEMO-008,EcoMat Environmental Materials Lab (Synthetic),LAB-ID-DEMO-008,REG-LAB-DEMO-008,"Demo Green Materials Estate, Bhubaneswar, Odisha",Odisha,LAB-CONTACT-DEMO-008,Active,Synthetic accreditation reference active,ACC-DEMO-OD-26008,"Environmental exposure, water interaction and material durability assessments for construction and polymer products.",Construction materials; polymers; drainage products,IS DEMO 1011:2026; IS DEMO 1004:2024,Water absorption; thermal cycling; UV exposure; dimensional stability; environmental conditioning,Accelerated weathering; water absorption; thermal cycling; dimensional stability; exposure conditioning,UV chamber; thermal cycling chamber; water immersion tanks; dimensional measurement system,Pipe sections; mortar panels; polymer coupons,Provide conditioned and unconditioned specimens where comparative environmental performance is requested.,12,LAB-RPT-DEMO-008-26005; LAB-RPT-DEMO-008-26021,2026-07-01,2027-06-30,environmental testing; weathering; polymer; drainage pipe; durability,environmental lab; weathering test laboratory; polymer durability lab; exposure testing centre
⭐ BIS MITRA DEMO DATA — SYNTHETIC / NOT OFFICIAL BIS DATA,LAB-DEMO-009,RenewGrid Solar Structures Test Lab (Synthetic),LAB-ID-DEMO-009,REG-LAB-DEMO-009,"Demo Renewable Energy Park, Ahmedabad, Gujarat",Gujarat,LAB-CONTACT-DEMO-009,Active,Synthetic accreditation reference active,ACC-DEMO-GJ-26009,"Mechanical load, corrosion exposure and installation component testing for rooftop solar mounting systems.",Renewable energy; rooftop solar mounting systems,IS DEMO 1009:2026,Static load; cyclic loading; fastener pull-out; dimensional verification; corrosion conditioning,Load testing; joint integrity; fastener pull-out; dimensional checks; corrosion exposure,Structural test frame; hydraulic actuators; pull-out rig; salt-spray cabinet; digital displacement sensors,Mounting rails; clamps; brackets; assembled rooftop frame sections,"Submit representative assembly with fastener grades, installation drawing and torque requirements.",11,LAB-RPT-DEMO-009-26012; LAB-RPT-DEMO-009-26029,2026-08-15,2027-08-14,solar mounting; renewable energy; structural testing; load testing; corrosion,solar structure lab; PV mounting test lab; renewable energy test centre
⭐ BIS MITRA DEMO DATA — SYNTHETIC / NOT OFFICIAL BIS DATA,LAB-DEMO-010,Precision Furniture & Consumer Durability Lab (Synthetic),LAB-ID-DEMO-010,REG-LAB-DEMO-010,"Demo Product Testing Park, Gurugram, Haryana",Haryana,LAB-CONTACT-DEMO-010,Suspended,Synthetic accreditation suspended pending corrective review,ACC-DEMO-HR-25010-SUS,"Furniture structural safety, load and cyclic durability testing.",Furniture; modular office chairs; consumer seating,IS DEMO 1008:2024,Static load; seat/back durability cycling; arm-rest load; caster/footrest checks,Chair strength; fatigue cycling; stability; arm-rest loading; component checks,Furniture durability cycling rigs; load frames; stability platform,Complete chairs; structural subassemblies,Submission temporarily not accepted while laboratory status is suspended.,Not available while suspended,LAB-RPT-DEMO-010-24019; LAB-RPT-DEMO-010-24031,2026-05-15,2026-05-14,furniture testing; office chair; durability; suspended laboratory,chair test lab; furniture lab; seating durability laboratory
⭐ BIS MITRA DEMO DATA — SYNTHETIC / NOT OFFICIAL BIS DATA,LAB-DEMO-011,MetalSafe Chemical & Coating Analytics Lab (Synthetic),LAB-ID-DEMO-011,REG-LAB-DEMO-011,"Demo Industrial Analytics Zone, Kochi, Kerala",Kerala,LAB-CONTACT-DEMO-011,Active,Synthetic accreditation reference active,ACC-DEMO-KL-26011,"Chemical composition, coating characteristics and corrosion-related analysis for metal and consumer products.",Metal products; stainless steel utensils; coated consumer products,IS DEMO 1006:2025; IS DEMO 1009:2026,Elemental composition; coating thickness; corrosion exposure; material identification,Chemical composition; alloy verification; coating thickness; corrosion screening,ICP-OES; XRF analyser; coating thickness gauge; corrosion chamber; metallographic microscope,Metal utensils; coated coupons; fasteners; mounting components,"Submit representative sample with alloy declaration, surface finish and batch identification.",7,LAB-RPT-DEMO-011-26009; LAB-RPT-DEMO-011-26026,2026-08-18,2027-08-17,chemical testing; metal analysis; stainless steel; coating; corrosion,chemical lab; metals testing lab; alloy analysis laboratory; coating test centre
