"dataset_notice","demo_id","surveillance_id","surveillance_type","surveillance_date","product","product_category","manufacturer","location","state","standard_number","qco_reference","licence_number","sample_id","sample_quantity","sampling_location","risk_level","test_required","laboratory","test_report_reference","test_result","compliance_status","finding","alert_reference","assigned_office","officer_reference","follow_up_required","follow_up_date","current_status","keywords","synonyms","enforcement_case_reference"
"⭐ BIS MITRA DEMO DATA — SYNTHETIC / NOT OFFICIAL BIS DATA","SURV-DEMO-001","SURV-DEMO-001","Routine Market Surveillance","2026-09-26","Industrial Safety Helmet - ASW-H7","Personal Protective Equipment","Aarohan Safety Works Pvt. Ltd. (Synthetic)","Pimpri Wholesale Market","Maharashtra","IS DEMO 1001:2026","QCO DEMO 001:2026","LIC-DEMO-26001","SAMP-DEMO-001","6 helmets","Retailer cluster RCL-DEMO-PN-01","High","Impact absorption; penetration; retention screening","LAB-DEMO-006 - Suraksha Head Protection Lab (Synthetic)","TR-DEMO-001","Failed - crown impact absorption below synthetic criterion.","Non-compliant","Sample failed impact absorption; traceability code also differed across two sampled cartons.","ALT-DEMO-001","BIS MITRA Demo Office - Pune","OFF-DEMO-PN-S01","Yes","2026-10-03","Referred to Enforcement - ENF-DEMO-001","helmet surveillance; failed impact; high risk; market","safety helmet monitoring; PPE surveillance; failed helmet sample","ENF-DEMO-001"
"⭐ BIS MITRA DEMO DATA — SYNTHETIC / NOT OFFICIAL BIS DATA","SURV-DEMO-002","SURV-DEMO-002","High-Risk Factory Surveillance","2026-09-26","Domestic Induction Cooking Appliance - BRH-IC2","Electrical Appliances","BlueRiver Home Appliances (Synthetic)","Sriperumbudur Appliance Park","Tamil Nadu","IS DEMO 1003:2025","QCO DEMO 003:2026","LIC-DEMO-26003","SAMP-DEMO-002","4 appliances","Final Inspection Bay - FIB-DEMO-CH-02","High","Dielectric withstand; earth continuity; leakage current; temperature rise","LAB-DEMO-001 - ApexLab Industrial Testing Centre (Synthetic)","TR-DEMO-002","Failed - dielectric withstand below synthetic requirement.","Non-compliant","Two units failed dielectric withstand; process logs showed repeat variation in the same lot.","ALT-DEMO-002","BIS MITRA Demo Office - Chennai","OFF-DEMO-CH-S02","Yes","2026-10-05","Referred to Enforcement - ENF-DEMO-002","induction appliance; electrical safety; high risk; failed sample","cooker surveillance; electrical appliance monitoring; insulation failure","ENF-DEMO-002"
"⭐ BIS MITRA DEMO DATA — SYNTHETIC / NOT OFFICIAL BIS DATA","SURV-DEMO-003","SURV-DEMO-003","Routine Market Surveillance","2026-09-26","Flexible Food Pouch - FP-21","Food and Packaging","FreshFold Packaging Works (Synthetic)","Whitefield Retail Cluster","Karnataka","IS DEMO 1002:2025","QCO DEMO 002:2026","","SAMP-DEMO-003","12 pouches","Distributor DC-DEMO-BL-03","High","Food-contact migration; material identification; marking review","LAB-DEMO-003 - NutriSure Food Contact Analytics Lab (Synthetic)","TR-DEMO-003","Failed - migration above synthetic threshold; marking review also failed.","Non-compliant","Food-contact migration failure confirmed in the synthetic lab record.","ALT-DEMO-003","BIS MITRA Demo Office - Bengaluru","OFF-DEMO-BL-S03","Yes","2026-10-02","Referred to Enforcement - ENF-DEMO-003","food pouch; migration; market surveillance; compliance alert","food packaging monitoring; pouch surveillance; migration failure","ENF-DEMO-003"
"⭐ BIS MITRA DEMO DATA — SYNTHETIC / NOT OFFICIAL BIS DATA","SURV-DEMO-004","SURV-DEMO-004","Factory Surveillance","2026-09-25","Cementitious Repair Mortar - NSR-M25","Construction Materials","NirmanSet Repair Materials LLP (Synthetic)","Demo Repair Materials Estate","Maharashtra","IS DEMO 1004:2024","QCO DEMO 004:2025","LIC-DEMO-26004","SAMP-DEMO-004","6 bags","Production Line 2 - PL2-DEMO-PN","Medium","Compressive strength; bond strength; density","LAB-DEMO-004 - BuildMet Mechanical & Fire Materials Lab (Synthetic)","TR-DEMO-004","Failed - compressive strength below synthetic criterion.","Non-compliant","One production shift yielded low compressive-strength result.","","BIS MITRA Demo Office - Pune","OFF-DEMO-PN-S04","Yes","2026-10-01","Referred to Enforcement - ENF-DEMO-004","repair mortar; strength failure; construction surveillance","mortar surveillance; construction material monitoring; strength test","ENF-DEMO-004"
"⭐ BIS MITRA DEMO DATA — SYNTHETIC / NOT OFFICIAL BIS DATA","SURV-DEMO-005","SURV-DEMO-005","Routine Market Surveillance","2026-09-25","LED Road Luminaire - PRL-R120","Lighting","PrabhaRoad Illumination Systems Ltd. (Synthetic)","Municipal Lighting Store Cluster","Tamil Nadu","IS DEMO 1005:2026","QCO DEMO 005:2026","LIC-DEMO-26005","SAMP-DEMO-005","3 luminaires","Road Lighting Stockyard RLS-DEMO-CH","Medium","Photometry; electrical input; power factor; environmental conditioning","LAB-DEMO-005 - LumaVolt Lighting Performance Lab (Synthetic)","TR-DEMO-005","Passed - all sampled parameters within synthetic requirements; one packaging seal noted for correction.","Compliant with observation","Performance tests passed; minor packaging seal observation recorded.","","BIS MITRA Demo Office - Chennai","OFF-DEMO-CH-S05","No","","Completed - observation closed","LED surveillance; lighting; passed sample; market","road luminaire monitoring; lighting surveillance; photometry check","ENF-DEMO-007"
"⭐ BIS MITRA DEMO DATA — SYNTHETIC / NOT OFFICIAL BIS DATA","SURV-DEMO-006","SURV-DEMO-006","High-Risk Factory Surveillance","2026-09-24","LPG Cabinet Heater - UHD-4K","Gas Appliances","Ujjwal Hearth Devices Pvt. Ltd. (Synthetic)","Demo Gas Appliance Zone","Rajasthan","IS DEMO 1007:2025","QCO DEMO 007:2026","LIC-DEMO-26007","SAMP-DEMO-006","3 heaters","Assembly Line A - AL-DEMO-JP","High","Gas leakage; combustion; flame stability; safety shut-off","LAB-DEMO-007 - AgniSafe Gas Appliance Test House (Synthetic)","TR-DEMO-006","Failed - gas leakage detected at regulator connection.","Non-compliant","Leak rate exceeded synthetic acceptance criterion.","ALT-DEMO-004","BIS MITRA Demo Office - Jaipur","OFF-DEMO-JP-S06","Yes","2026-09-29","Compliance Alert - Emergency Enforcement Review","LPG heater; gas leak; high risk; surveillance alert","gas appliance surveillance; heater leak monitoring; emergency safety alert","ENF-DEMO-006"
"⭐ BIS MITRA DEMO DATA — SYNTHETIC / NOT OFFICIAL BIS DATA","SURV-DEMO-007","SURV-DEMO-007","Routine Factory Surveillance","2026-09-24","Modular Office Chair - KOF-M8","Furniture","Kshetra Office Furnishings Co. (Synthetic)","Demo Furniture Manufacturing Park","Haryana","IS DEMO 1008:2024","QCO DEMO 008:2024","LIC-DEMO-26008","SAMP-DEMO-007","2 chairs","Finished Goods Area FGA-DEMO-GR","Medium","Static strength; fatigue cycling; stability","LAB-DEMO-010 - Precision Furniture & Consumer Durability Lab (Synthetic)","TR-DEMO-007","Passed - sampled units met synthetic durability requirements.","Compliant","Routine surveillance sample passed all selected tests.","","BIS MITRA Demo Office - Gurugram","OFF-DEMO-GR-S07","No","","Completed","office chair; routine surveillance; passed sample","furniture monitoring; chair surveillance; durability screening","ENF-DEMO-008"
"⭐ BIS MITRA DEMO DATA — SYNTHETIC / NOT OFFICIAL BIS DATA","SURV-DEMO-008","SURV-DEMO-008","Market Surveillance","2026-09-23","Rooftop Solar PV Mounting System - SGM-RF2","Renewable Energy","SuryaGrid Mounting Systems Pvt. Ltd. (Synthetic)","Demo Solar Hardware Market","Gujarat","IS DEMO 1009:2026","QCO DEMO 009:2026","LIC-DEMO-26009","SAMP-DEMO-008","2 mounting kits","Distributor Yard DY-DEMO-AH","High","Joint integrity; fastener pull-out; corrosion screening","LAB-DEMO-009 - RenewGrid Solar Structures Test Lab (Synthetic)","TR-DEMO-008","Failed - fastener pull-out below synthetic requirement.","Non-compliant","One sampled configuration failed pull-out test.","ALT-DEMO-005","BIS MITRA Demo Office - Ahmedabad","OFF-DEMO-AH-S08","Yes","2026-09-30","Referred to Enforcement - ENF-DEMO-009","solar mounting; failed sample; high risk; surveillance","PV structure monitoring; solar hardware surveillance; fastener failure","ENF-DEMO-009"
"⭐ BIS MITRA DEMO DATA — SYNTHETIC / NOT OFFICIAL BIS DATA","SURV-DEMO-009","SURV-DEMO-009","Market Surveillance","2026-09-23","Stainless Steel Food-Contact Utensils - SKI ProLine Set","Food-Contact Materials","Sampoorna Kitchenware Industries (Synthetic)","Demo Kitchenware Bazaar","Kerala","IS DEMO 1006:2025","QCO DEMO 006:2025","LIC-DEMO-26006","SAMP-DEMO-009","4 utensil sets","Retail Shelf RS-DEMO-KO-09","High","Elemental screening; extractables; hygiene-related surface checks","LAB-DEMO-003 - NutriSure Food Contact Analytics Lab (Synthetic)","TR-DEMO-009","Failed - elemental migration above synthetic criterion.","Non-compliant","One contact-metal sample showed elevated migration.","ALT-DEMO-006","BIS MITRA Demo Office - Kochi","OFF-DEMO-KO-S09","Yes","2026-09-28","Referred to Enforcement - ENF-DEMO-010","utensils; food contact; migration; failed sample","kitchenware surveillance; stainless utensil monitoring; metal migration","ENF-DEMO-010"
"⭐ BIS MITRA DEMO DATA — SYNTHETIC / NOT OFFICIAL BIS DATA","SURV-DEMO-010","SURV-DEMO-010","Routine Market Surveillance","2026-09-22","uPVC Drainage Pipe - UD-110","Construction Materials","PipeNova Drainage Systems (Synthetic)","Demo Building Materials Market","Gujarat","IS DEMO 1011:2026","QCO DEMO 011:2026","","SAMP-DEMO-010","10 pipe lengths","Distributor Stockyard DS-DEMO-AH-10","Medium","Dimensional checks; water absorption; pressure/rigidity screening","LAB-DEMO-002 - Sahaya Materials Evaluation Lab (Synthetic)","TR-DEMO-010-PENDING","Pending - laboratory report not yet issued.","Pending Test Result","Sample collected for wall-thickness and material checks; final report pending.","","BIS MITRA Demo Office - Ahmedabad","OFF-DEMO-AH-S10","Yes","2026-09-30","Pending Laboratory Result","uPVC pipe; pending test; construction surveillance","drainage pipe monitoring; pipe sample; pending lab result","ENF-DEMO-005"
"⭐ BIS MITRA DEMO DATA — SYNTHETIC / NOT OFFICIAL BIS DATA","SURV-DEMO-011","SURV-DEMO-011","Factory Surveillance","2026-09-21","Electric Storage Water Heater - HSA-E25","Electrical Appliances","HydroSafe Appliances (Synthetic)","Demo Appliance Park, Pune","Maharashtra","IS DEMO 1014:2025","QCO DEMO 012:2026","LIC-DEMO-26010","SAMP-DEMO-011","3 heaters","Final Test Bay FTB-DEMO-PN-11","High","Temperature rise; thermal cut-off; leakage current; insulation","LAB-DEMO-001 - ApexLab Industrial Testing Centre (Synthetic)","TR-DEMO-011","Passed - corrective-action verification sample met synthetic requirements.","Compliant - Corrective Action Verified","Follow-up surveillance confirmed previous thermal cut-off correction.","","BIS MITRA Demo Office - Pune","OFF-DEMO-PN-S11","No","","Completed - corrective action verified","water heater surveillance; corrective action; passed sample","geyser monitoring; heater follow-up surveillance; thermal cut-off check","ENF-DEMO-011"
"⭐ BIS MITRA DEMO DATA — SYNTHETIC / NOT OFFICIAL BIS DATA","SURV-DEMO-012","SURV-DEMO-012","Routine Market Surveillance","2026-09-20","Industrial Safety Helmet - ASW-H9","Personal Protective Equipment","Aarohan Safety Works Pvt. Ltd. (Synthetic)","Demo Hardware Market, Lucknow","Uttar Pradesh","IS DEMO 1001:2026","QCO DEMO 001:2026","LIC-DEMO-26002","SAMP-DEMO-012","6 helmets","Distributor Yard DY-DEMO-LK-12","High","Retention; impact; penetration","LAB-DEMO-006 - Suraksha Head Protection Lab (Synthetic)","TR-DEMO-012","Failed - retention force below synthetic threshold.","Non-compliant","Two samples failed retention system test.","","BIS MITRA Demo Office - Lucknow","OFF-DEMO-LK-S12","Yes","2026-10-01","Referred to Enforcement - ENF-DEMO-012","helmet; retention; failed sample; market surveillance","PPE monitoring; chin strap surveillance; helmet sample failure","ENF-DEMO-012"
"⭐ BIS MITRA DEMO DATA — SYNTHETIC / NOT OFFICIAL BIS DATA","SURV-DEMO-013","SURV-DEMO-013","Follow-up Surveillance","2026-09-18","LPG Cabinet Heater - UHD-4K","Gas Appliances","Ujjwal Hearth Devices Pvt. Ltd. (Synthetic)","Demo Gas Appliance Zone, Jaipur","Rajasthan","IS DEMO 1007:2025","QCO DEMO 007:2026","LIC-DEMO-26007","SAMP-DEMO-013","3 heaters","Reworked Finished Goods Area RFGA-DEMO-JP","High","Gas leakage; combustion; flame stability; safety shut-off","LAB-DEMO-007 - AgniSafe Gas Appliance Test House (Synthetic)","TR-DEMO-013","Passed - verification samples met synthetic gas-safety criteria.","Compliant - Follow-up Passed","Reworked lot passed after emergency sealing and corrective action.","ALT-DEMO-004","BIS MITRA Demo Office - Jaipur","OFF-DEMO-JP-S13","No","","Follow-up Completed","LPG heater; follow-up; passed; alert closure","gas appliance follow-up; heater re-test; safety alert closure","ENF-DEMO-014"
"⭐ BIS MITRA DEMO DATA — SYNTHETIC / NOT OFFICIAL BIS DATA","SURV-DEMO-014","SURV-DEMO-014","Routine Market Surveillance","2026-09-17","Flexible Food Pouch - FP-21","Food and Packaging","FreshFold Packaging Works (Synthetic)","Demo Food Packaging Market, Bengaluru","Karnataka","IS DEMO 1002:2025","QCO DEMO 002:2026","","SAMP-DEMO-014","12 pouches","Retail Shelf RS-DEMO-BL-14","Medium","Migration screening; marking review","LAB-DEMO-003 - NutriSure Food Contact Analytics Lab (Synthetic)","TR-DEMO-014","Passed - replacement batch met synthetic screening criteria.","Compliant","Follow-up sample from corrected material batch passed screening.","ALT-DEMO-003","BIS MITRA Demo Office - Bengaluru","OFF-DEMO-BL-S14","No","","Completed - Alert Monitoring Continued","food pouch; passed sample; surveillance; alert","packaging follow-up; food-contact surveillance; pouch compliance","ENF-DEMO-003"
